{
  "walk_forward": {
    "train_n": 19,
    "test_n": 18,
    "train_mse": 76.2133713509149,
    "test_mse": 161.07862876369353,
    "weights": {
      "cape": 0.010000314081009175,
      "pe_gap": 0.1671919216251657,
      "erp": 0.046902730258331825,
      "vix": 0.010000000715793858,
      "skew": 0.010000000494542123,
      "move": 0.24999999928858177,
      "aiae": 0.010000000116134831,
      "m7_concentration": 0.19660215629008632,
      "trend": 0.010000000619914875,
      "naaim_exposure": 0.010000051908353184,
      "fear_greed": 0.010000007042835586,
      "put_call_ratio": 0.010000000427970016,
      "yield_curve": 0.010000000690901033,
      "hy_oas": 0.01000000103163026,
      "dxy": 0.19020211574788323,
      "gold_copper": 0.010000186284645976,
      "sectors_200dma": 0.029101730280582095,
      "rsp_spy": 0.010000097145481637
    }
  },
  "bootstrap": {
    "cape": {
      "mean": 0.02149038927959325,
      "std": 0.036207516528620996,
      "ci_low": 0.01,
      "ci_high": 0.14471635269581273,
      "ci_width": 0.13471635269581272,
      "stable": false
    },
    "pe_gap": {
      "mean": 0.04590484381158931,
      "std": 0.06506498175184924,
      "ci_low": 0.01,
      "ci_high": 0.23726212619405554,
      "ci_width": 0.22726212619405553,
      "stable": false
    },
    "erp": {
      "mean": 0.15768553686243747,
      "std": 0.08845266840864263,
      "ci_low": 0.01000000996712206,
      "ci_high": 0.25,
      "ci_width": 0.23999999003287795,
      "stable": false
    },
    "vix": {
      "mean": 0.010579574569504962,
      "std": 0.004527275990037204,
      "ci_low": 0.01,
      "ci_high": 0.010757791408251708,
      "ci_width": 0.0007577914082517075,
      "stable": true
    },
    "skew": {
      "mean": 0.010000578359834691,
      "std": 1.4325591708877964e-06,
      "ci_low": 0.01,
      "ci_high": 0.010005571407864485,
      "ci_width": 5.5714078644845955e-06,
      "stable": true
    },
    "move": {
      "mean": 0.24540603008199366,
      "std": 0.021830324940157166,
      "ci_low": 0.1654588824502839,
      "ci_high": 0.25,
      "ci_width": 0.0845411175497161,
      "stable": true
    },
    "aiae": {
      "mean": 0.010000355652136148,
      "std": 7.343841981370398e-07,
      "ci_low": 0.01,
      "ci_high": 0.010002364489262899,
      "ci_width": 2.3644892628987835e-06,
      "stable": true
    },
    "m7_concentration": {
      "mean": 0.11896766365984433,
      "std": 0.07400942795396291,
      "ci_low": 0.010000409561449172,
      "ci_high": 0.24999996087773413,
      "ci_width": 0.23999955131628495,
      "stable": false
    },
    "trend": {
      "mean": 0.01000085391442867,
      "std": 1.9539981957687436e-06,
      "ci_low": 0.01,
      "ci_high": 0.010006608636259674,
      "ci_width": 6.608636259673381e-06,
      "stable": true
    },
    "naaim_exposure": {
      "mean": 0.011410395122425698,
      "std": 0.00897375047771543,
      "ci_low": 0.01,
      "ci_high": 0.018267489870132048,
      "ci_width": 0.008267489870132047,
      "stable": true
    },
    "fear_greed": {
      "mean": 0.010631412478202467,
      "std": 0.006176307297567798,
      "ci_low": 0.01,
      "ci_high": 0.01001781295072122,
      "ci_width": 1.7812950721219495e-05,
      "stable": true
    },
    "put_call_ratio": {
      "mean": 0.010846640746531909,
      "std": 0.00841571554726502,
      "ci_low": 0.01,
      "ci_high": 0.010014591423797537,
      "ci_width": 1.4591423797536557e-05,
      "stable": true
    },
    "yield_curve": {
      "mean": 0.03945610601964821,
      "std": 0.034709410054048206,
      "ci_low": 0.01,
      "ci_high": 0.12757382266814243,
      "ci_width": 0.11757382266814244,
      "stable": false
    },
    "hy_oas": {
      "mean": 0.09173070306877414,
      "std": 0.06992729431060243,
      "ci_low": 0.01,
      "ci_high": 0.2499981602750034,
      "ci_width": 0.2399981602750034,
      "stable": false
    },
    "dxy": {
      "mean": 0.03001211841797948,
      "std": 0.042190706698652464,
      "ci_low": 0.01,
      "ci_high": 0.1591417616174986,
      "ci_width": 0.1491417616174986,
      "stable": false
    },
    "gold_copper": {
      "mean": 0.011289146191965305,
      "std": 0.01126310991223349,
      "ci_low": 0.01,
      "ci_high": 0.010672074976797808,
      "ci_width": 0.0006720749767978075,
      "stable": true
    },
    "sectors_200dma": {
      "mean": 0.15461123461165596,
      "std": 0.07678413386560683,
      "ci_low": 0.01000004174332822,
      "ci_high": 0.25,
      "ci_width": 0.23999995825667178,
      "stable": false
    },
    "rsp_spy": {
      "mean": 0.010002380829135018,
      "std": 3.769324926268564e-06,
      "ci_low": 0.01,
      "ci_high": 0.010012363351444575,
      "ci_width": 1.2363351444574441e-05,
      "stable": true
    }
  }
}
